documents,metadatas
"这张表名为“t_institution_participate_project”，主要记录各机构参与的科研项目信息。其中，“project_id”表示项目编号，“project_name”表示项目名称，“project_year”表示项目年份，“project_budget”表示项目预算（单位：万元），“project_stage”表示项目阶段，“plan_name”表示计划名称，“special_name”表示专项名称，“institution_name”表示机构名称（包括学校、民营组织等），“institution_type”表示机构类型（如高等院校、事业单位等）。

用户查询问题示例：
1. 查询某机构参与的所有科研项目及其预算情况；
2. 统计某年度某类型机构参与的科研项目数量及其预算总额；
3. 查找某计划下所有机构参与的科研项目名称和预算情况；
4. 查询某机构参与的某一专项的所有科研项目及其阶段情况；
5. 统计某年度所有机构参与的科研项目数量及其预算总额。",t_institution_participate_project
"这张表是一个承担项目的机构信息表，记录了机构承担的项目的相关信息。其中，项目ID是主键，项目名称、项目年份、项目预算、项目阶段、计划名称、专项名称、承担省份、机构名称和机构类型都是该表的字段。

用户可以通过该表查询某个机构承担的所有项目信息，或者查询某个项目的机构信息。例如：

1. 查询某个机构承担的所有项目信息，包括项目名称、项目年份、项目预算、项目阶段、计划名称、专项名称、承担省份、机构名称和机构类型。
2. 查询某个项目的机构信息，包括机构名称和机构类型。
3. 查询某个省份所有机构承担的项目信息，包括项目名称、项目年份、项目预算、项目阶段、计划名称、专项名称、机构名称和机构类型。
4. 查询某个机构在某个年份承担的所有项目信息，包括项目名称、项目预算、项目阶段、计划名称、专项名称、承担省份和机构类型。",t_institution_undertake_project
"这张表是用于记录特定领域内专家的信息的。其中，每个专家都有一个唯一的编号、姓名、职称、年龄、专业以及是否为外国人的属性。同时，每个专家还可以属于多个专项，每个专项也有一个唯一的编号和名称。

用户查询问题示例：
1. 查询所有属于某个特定专项的专家信息。
2. 查询某个专家的详细信息，包括其所属的所有专项。
3. 查询所有职称为“正高”的专家信息。
4. 查询所有年龄在某个范围内的专家信息。
5. 查询所有外国专家的信息。
6. 查询某个专项中的所有专家信息，按照年龄从小到大排序。",t_person_expert_for_special
"这张表是一个记录人员参与项目信息的表，其中包含以下字段：人员ID、人员编号、人员名称、人员职称、人员年龄、人员专业、是否是外国人、项目ID、项目名称、项目年份、项目阶段和项目预算。其中，人员ID和项目ID是必填项，而其他字段均可为空。该表用于记录人员参与的项目信息，方便管理和查询。

一些相关的用户查询问题示例：
1. 查询某个人员参与的所有项目信息。
2. 查询某个项目中参与的所有人员信息。
3. 查询某个项目的预算情况。
4. 查询某个人员参与的所有项目的预算情况。
5. 查询某个年份中所有项目的预算总和。
6. 查询某个人员参与的所有项目的预算总和。
7. 查询所有外国人参与的项目信息。
8. 查询某个人员参与的所有项目的阶段情况。
9. 查询某个阶段中所有项目的预算总和。
10. 查询某个人员参与的所有项目的年份和预算情况。",t_person_participate_project
"这张表名为t_project，包含了项目的基本信息，包括项目ID、项目名、项目年份、项目预算、项目阶段、计划名称以及专项名称。其中，项目ID为主键，不可为空，而其他字段均可为空。项目名、项目年份、项目预算、项目阶段、计划名称和专项名称均为varchar类型。

用户查询问题示例：
1. 查询所有项目的ID、项目名、项目年份和项目预算。
2. 查询所有项目的ID、项目名、项目年份和项目预算，并按照项目年份升序排列。
3. 查询所有预算超过100万元的项目的ID、项目名和项目预算。
4. 查询所有项目的ID、项目名和项目阶段，并按照项目阶段分组统计各个阶段的项目数量。
5. 查询所有计划名称为“年度计划”的项目的ID、项目名和计划名称。",t_project
